{"Accuracy":0.9995666667,"Precision":0.9803921569,"Recall":0.8064516129,"F1 Score":0.8849557522}